Workbook

Sheet CRM Dashboard
A2: CRM | B2: CRM CAMPAIGN CONTROL CENTER | J2: PERIOD | M2: CHANNEL
J4: All | M4: All
B5: TOTAL CALLS | F5: TOTAL SMS | J5: TOTAL EMAILS | N5: COMPLETION RATE
A6: ▦ | B6: =COUNTIFS('Raw Data'!$C$2:$C$251,"Call",'Raw Data'!$A$2:$A$251,">="&IF($J$4="All",DATE(2026,1,1),DATEVALUE("1 "&$J$4)),'Raw Data'!$A$2:$A$251,"<"&IF($J$4="All",DATE(2026,11,1),EDATE(DATEVALUE("1 "&$J$4),1))) | F6: =COUNTIFS('Raw Data'!$C$2:$C$251,"SMS",'Raw Data'!$A$2:$A$251,">="&IF($J$4="All",DATE(2026,1,1),DATEVALUE("1 "&$J$4)),'Raw Data'!$A$2:$A$251,"<"&IF($J$4="All",DATE(2026,11,1),EDATE(DATEVALUE("1 "&$J$4),1))) | J6: =COUNTIFS('Raw Data'!$C$2:$C$251,"Email",'Raw Data'!$A$2:$A$251,">="&IF($J$4="All",DATE(2026,1,1),DATEVALUE("1 "&$J$4)),'Raw Data'!$A$2:$A$251,"<"&IF($J$4="All",DATE(2026,11,1),EDATE(DATEVALUE("1 "&$J$4),1))) | N6: =IFERROR(COUNTIFS('Raw Data'!$F$2:$F$251,"Completed")/COUNTA('Raw Data'!$A$2:$A$251),0)
B9: CAMPAIGN PERFORMANCE | J9: CHANNEL MIX
A10: ◉
A14: ▤
A18: ◷
A22: ●
A26: ⚙ | B26: STATUS BREAKDOWN | J26: RECENT ACTIVITY
B28: Status | C28: Count | J28: Date | K28: Channel | L28: Status
B29: Completed | C29: =COUNTIF('Raw Data'!$F$2:$F$251,B29) | D29: On track | J29: ='Raw Data'!A251 | K29: ='Raw Data'!C251 | L29: ='Raw Data'!F251
B30: Pending | C30: =COUNTIF('Raw Data'!$F$2:$F$251,B30) | D30: Awaiting response | J30: ='Raw Data'!A250 | K30: ='Raw Data'!C250 | L30: ='Raw Data'!F250
B31: Failed | C31: =COUNTIF('Raw Data'!$F$2:$F$251,B31) | D31: Needs attention | J31: ='Raw Data'!A249 | K31: ='Raw Data'!C249 | L31: ='Raw Data'!F249
J32: ='Raw Data'!A248 | K32: ='Raw Data'!C248 | L32: ='Raw Data'!F248
J33: ='Raw Data'!A247 | K33: ='Raw Data'!C247 | L33: ='Raw Data'!F247
B36: SAMPLE CRM DATA • Use the dropdowns above to explore the dashboard. Replace the Raw Data sheet with your own records to customize it.

Sheet Raw Data
A1: Date | B1: Campaign | C1: Channel | D1: Caller ID | E1: Destination | F1: Status | G1: Response Time (min) | H1: Agent
A2: 46290.619 | B2: Win-back Campaign | C2: SMS | D2: client@example.com | E2: team@example.com | F2: Completed | G2: 12 | H2: Taylor Morgan
A3: 46079.344 | B3: Renewal Reminder | C3: SMS | D3: +1 555 2310 | E3: client@example.com | F3: Pending | G3: 42 | H3: Jordan Lee
A4: 46305.339 | B4: Win-back Campaign | C4: Email | D4: alex@example.com | E4: team@example.com | F4: Pending | G4: 29 | H4: Jordan Lee
A5: 46192.672 | B5: Customer Survey | C5: Email | D5: +1 555 0531 | E5: team@example.com | F5: Completed | G5: 20 | H5: Casey Patel
A6: 46095.785 | B6: Welcome Series | C6: SMS | D6: +1 555 7642 | E6: +1 555 3492 | F6: Completed | G6: 22 | H6: Riley Chen
A7: 46049.544 | B7: Customer Survey | C7: Email | D7: +1 555 1359 | E7: +1 555 2409 | F7: Completed | G7: 1 | H7: Riley Chen
A8: 46132.481 | B8: Newsletter | C8: Email | D8: +1 555 1359 | E8: team@example.com | F8: Completed | G8: 5 | H8: Riley Chen
A9: 46295.706 | B9: Newsletter | C9: Call | D9: +1 555 1359 | E9: +1 555 3492 | F9: Completed | G9: 23 | H9: Alexandra Rose
A10: 46162.542 | B10: Welcome Series | C10: Call | D10: +1 555 7642 | E10: +1 555 3492 | F10: Failed | H10: Casey Patel
A11: 46050.472 | B11: Customer Survey | C11: Call | D11: +1 555 0531 | E11: team@example.com | F11: Pending | G11: 101 | H11: Riley Chen
A12: 46291.756 | B12: Customer Survey | C12: SMS | D12: +1 555 1359 | E12: +1 555 5630 | F12: Pending | G12: 85 | H12: Taylor Morgan
A13: 46100.755 | B13: Newsletter | C13: Email | D13: +1 555 2310 | E13: +1 555 3492 | F13: Completed | G13: 35 | H13: Alexandra Rose
A14: 46105.587 | B14: Win-back Campaign | C14: Email | D14: +1 555 7642 | E14: client@example.com | F14: Completed | G14: 17 | H14: Alexandra Rose
A15: 46300.399 | B15: Newsletter | C15: Email | D15: alex@example.com | E15: +1 555 5630 | F15: Completed | G15: 35 | H15: Taylor Morgan
A16: 46048.651 | B16: Customer Survey | C16: SMS | D16: alex@example.com | E16: client@example.com | F16: Completed | G16: 36 | H16: Alexandra Rose
A17: 46258.468 | B17: Renewal Reminder | C17: SMS | D17: +1 555 0531 | E17: team@example.com | F17: Pending | G17: 56 | H17: Riley Chen
A18: 46288.585 | B18: Product Launch | C18: Email | D18: alex@example.com | E18: +1 555 5630 | F18: Completed | G18: 38 | H18: Riley Chen
A19: 46183.549 | B19: Customer Survey | C19: Email | D19: +1 555 2310 | E19: client@example.com | F19: Pending | G19: 48 | H19: Riley Chen
A20: 46070.671 | B20: Win-back Campaign | C20: SMS | D20: alex@example.com | E20: +1 555 5630 | F20: Completed | G20: 37 | H20: Casey Patel
A21: 46260.662 | B21: Customer Survey | C21: SMS | D21: +1 555 0531 | E21: +1 555 3492 | F21: Completed | G21: 31 | H21: Taylor Morgan
A22: 46117.369 | B22: Product Launch | C22: Email | D22: +1 555 0531 | E22: +1 555 3492 | F22: Completed | G22: 22 | H22: Alexandra Rose
... A45: 46157.71 | B45: Newsletter | C45: Email | D45: alex@example.com | E45: team@example.com | F45: Completed | G45: 35 | H45: Alexandra Rose
A46: 46051.512 | B46: Product Launch | C46: SMS | D46: alex@example.com | E46: +1 555 2409 | F46: Failed | H46: Alexandra Rose
A47: 46213.562 | B47: Newsletter | C47: SMS | D47: +1 555 1359 | E47: +1 555 2409 | F47: Pending | G47: 73 | H47: Riley Chen
A48: 46081.565 | B48: Renewal Reminder | C48: Email | D48: alex@example.com | E48: +1 555 2409 | F48: Pending | G48: 24 | H48: Alexandra Rose
A49: 46223.405 | B49: Renewal Reminder | C49: Email | D49: +1 555 7642 | E49: +1 555 2409 | F49: Completed | G49: 13 | H49: Taylor Morgan
A50: 46032.713 | B50: Newsletter | C50: Email | D50: client@example.com | E50: +1 555 3492 | F50: Completed | G50: 15 | H50: Taylor Morgan
A51: 46192.667 | B51: Customer Survey | C51: SMS | D51: +1 555 0531 | E51: +1 555 3492 | F51: Completed | G51: 41 | H51: Riley Chen
A52: 46188.666 | B52: Renewal Reminder | C52: Email | D52: client@example.com | E52: client@example.com | F52: Pending | G52: 21 | H52: Taylor Morgan
A53: 46085.745 | B53: Win-back Campaign | C53: Email | D53: +1 555 2310 | E53: +1 555 2409 | F53: Pending | G53: 19 | H53: Jordan Lee
A54: 46125.533 | B54: Welcome Series | C54: SMS | D54: +1 555 7642 | E54: team@example.com | F54: Completed | G54: 25 | H54: Casey Patel
A55: 46234.761 | B55: Renewal Reminder | C55: SMS | D55: +1 555 1359 | E55: +1 555 5630 | F55: Completed | G55: 26 | H55: Taylor Morgan
A56: 46141.764 | B56: Renewal Reminder | C56: SMS | D56: +1 555 0531 | E56: +1 555 5630 | F56: Pending | G56: 37 | H56: Riley Chen
A57: 46262.478 | B57: Welcome Series | C57: SMS | D57: +1 555 1359 | E57: +1 555 2409 | F57: Pending | G57: 89 | H57: Jordan Lee
A58: 46025.502 | B58: Customer Survey | C58: Email | D58: +1 555 7642 | E58: +1 555 2409 | F58: Pending | G58: 56 | H58: Riley Chen
... A62: 46218.613 | B62: Product Launch | C62: Email | D62: +1 555 1359 | E62: +1 555 2409 | F62: Completed | G62: 13 | H62: Riley Chen
A63: 46262.548 | B63: Win-back Campaign | C63: SMS | D63: +1 555 2310 | E63: +1 555 3492 | F63: Failed | H63: Casey Patel
A64: 46263.383 | B64: Welcome Series | C64: Call | D64: +1 555 2310 | E64: team@example.com | F64: Completed | G64: 20 | H64: Riley Chen
A65: 46154.561 | B65: Newsletter | C65: Call | D65: client@example.com | E65: +1 555 5630 | F65: Completed | G65: 29 | H65: Riley Chen
A66: 46131.463 | B66: Product Launch | C66: Call | D66: +1 555 2310 | E66: +1 555 3492 | F66: Completed | G66: 3 | H66: Jordan Lee
A67: 46130.674 | B67: Renewal Reminder | C67: Call | D67: alex@example.com | E67: +1 555 2409 | F67: Failed | H67: Casey Patel
A68: 46039.77 | B68: Customer Survey | C68: SMS | D68: alex@example.com | E68: +1 555 2409 | F68: Completed | G68: 35 | H68: Alexandra Rose
A69: 46068.402 | B69: Customer Survey | C69: Call | D69: client@example.com | E69: +1 555 2409 | F69: Pending | G69: 113 | H69: Jordan Lee
A70: 46169.452 | B70: Newsletter | C70: SMS | D70: +1 555 2310 | E70: client@example.com | F70: Pending | G70: 103 | H70: Jordan Lee
A71: 46311.661 | B71: Customer Survey | C71: SMS | D71: +1 555 1359 | E71: +1 555 5630 | F71: Pending | G71: 100 | H71: Riley Chen
A72: 46241.52 | B72: Win-back Campaign | C72: SMS | D72: +1 555 2310 | E72: +1 555 5630 | F72: Completed | G72: 34 | H72: Taylor Morgan
A73: 46042.365 | B73: Newsletter | C73: Email | D73: alex@example.com | E73: +1 555 2409 | F73: Pending | G73: 20 | H73: Riley Chen
A74: 46131.41 | B74: Customer Survey | C74: Email | D74: +1 555 2310 | E74: +1 555 5630 | F74: Completed | G74: 39 | H74: Casey Patel
A75: 46266.485 | B75: Welcome Series | C75: Call | D75: +1 555 1359 | E75: team@example.com | F75: Failed | H75: Jordan Lee
A76: 46291.753 | B76: Renewal Reminder | C76: SMS | D76: +1 555 2310 | E76: team@example.com | F76: Completed | G76: 18 | H76: Jordan Lee
A77: 46198.631 | B77: Newsletter | C77: Email | D77: +1 555 2310 | E77: +1 555 2409 | F77: Failed | H77: Casey Patel
A78: 46158.642 | B78: Customer Survey | C78: Email | D78: client@example.com | E78: +1 555 3492 | F78: Completed | G78: 11 | H78: Alexandra Rose
A79: 46131.783 | B79: Win-back Campaign | C79: Call | D79: client@example.com | E79: +1 555 3492 | F79: Completed | G79: 40 | H79: Taylor Morgan
A80: 46284.572 | B80: Welcome Series | C80: SMS | D80: +1 555 7642 | E80: +1 555 2409 | F80: Completed | G80: 16 | H80: Casey Patel
A81: 46039.612 | B81: Product Launch | C81: Email | D81: alex@example.com | E81: +1 555 3492 | F81: Completed | G81: 40 | H81: Taylor Morgan
A82: 46282.525 | B82: Newsletter | C82: Email | D82: client@example.com | E82: +1 555 3492 | F82: Pending | G82: 10 | H82: Alexandra Rose
A83: 46137.703 | B83: Welcome Series | C83: Call | D83: alex@example.com | E83: team@example.com | F83: Completed | G83: 21 | H83: Taylor Morgan
A84: 46040.472 | B84: Renewal Reminder | C84: SMS | D84: client@example.com | E84: +1 555 5630 | F84: Failed | H84: Riley Chen
A85: 46027.56 | B85: Win-back Campaign | C85: Call | D85: client@example.com | E85: team@example.com | F85: Pending | G85: 105 | H85: Taylor Morgan
A86: 46305.69 | B86: Product Launch | C86: SMS | D86: +1 555 2310 | E86: +1 555 2409 | F86: Completed | G86: 40 | H86: Riley Chen
A87: 46108.663 | B87: Product Launch | C87: SMS | D87: +1 555 0531 | E87: +1 555 2409 | F87: Pending | G87: 24 | H87: Jordan Lee
A88: 46126.474 | B88: Welcome Series | C88: SMS | D88: +1 555 7642 | E88: team@example.com | F88: Completed | G88: 1 | H88: Casey Patel
A89: 46107.403 | B89: Renewal Reminder | C89: Email | D89: +1 555 0531 | E89: team@example.com | F89: Completed | G89: 45 | H89: Casey Patel
A90: 46256.485 | B90: Newsletter | C90: Email | D90: +1 555 2310 | E90: team@example.com | F90: Completed | G90: 2 | H90: Jordan Lee
A91: 46115.789 | B91: Win-back Campaign | C91: Email | D91: client@example.com | E91: +1 555 2409 | F91: Completed | G91: 25 | H91: Taylor Morgan
A92: 46133.469 | B92: Product Launch | C92: Email | D92: alex@example.com | E92: +1 555 3492 | F92: Completed | G92: 43 | H92: Alexandra Rose
A93: 46067.771 | B93: Customer Survey | C93: Email | D93: +1 555 2310 | E93: team@example.com | F93: Completed | G93: 27 | H93: Jordan Lee
A94: 46285.469 | B94: Newsletter | C94: SMS | D94: +1 555 1359 | E94: +1 555 5630 | F94: Failed | H94: Riley Chen
A95: 46228.774 | B95: Product Launch | C95: SMS | D95: +1 555 2310 | E95: team@example.com | F95: Completed | G95: 2 | H95: Taylor Morgan
A96: 46173.641 | B96: Product Launch | C96: SMS | D96: +1 555 1359 | E96: +1 555 2409 | F96: Completed | G96: 41 | H96: Riley Chen
A97: 46158.733 | B97: Renewal Reminder | C97: SMS | D97: +1 555 7642 | E97: +1 555 2409 | F97: Completed | G97: 21 | H97: Jordan Lee
A98: 46111.488 | B98: Customer Survey | C98: Call | D98: +1 555 2310 | E98: +1 555 2409 | F98: Completed | G98: 34 | H98: Jordan Lee
A99: 46088.673 | B99: Newsletter | C99: SMS | D99: +1 555 7642 | E99: team@example.com | F99: Completed | G99: 14 | H99: Alexandra Rose
A100: 46153.545 | B100: Product Launch | C100: SMS | D100: +1 555 2310 | E100: +1 555 5630 | F100: Completed | G100: 16 | H100: Casey Patel
A101: 46243.335 | B101: Welcome Series | C101: Call | D101: alex@example.com | E101: +1 555 2409 | F101: Completed | G101: 4 | H101: Taylor Morgan
A102: 46292.614 | B102: Newsletter | C102: Call | D102: +1 555 2310 | E102: +1 555 3492 | F102: Failed | H102: Alexandra Rose
A103: 46036.605 | B103: Newsletter | C103: SMS | D103: +1 555 1359 | E103: +1 555 5630 | F103: Completed | G103: 44 | H103: Riley Chen
A104: 46063.444 | B104: Renewal Reminder | C104: SMS | D104: +1 555 1359 | E104: +1 555 2409 | F104: Completed | G104: 31 | H104: Taylor Morgan
A105: 46060.459 | B105: Product Launch | C105: Call | D105: alex@example.com | E105: +1 555 2409 | F105: Completed | G105: 38 | H105: Taylor Morgan
A106: 46128.578 | B106: Customer Survey | C106: SMS | D106: alex@example.com | E106: +1 555 5630 | F106: Completed | G106: 4 | H106: Jordan Lee
A107: 46096.617 | B107: Newsletter | C107: Call | D107: +1 555 1359 | E107: +1 555 3492 | F107: Completed | G107: 44 | H107: Jordan Lee
A108: 46165.73 | B108: Win-back Campaign | C108: Email | D108: +1 555 1359 | E108: team@example.com | F108: Pending | G108: 94 | H108: Jordan Lee
A109: 46149.631 | B109: Customer Survey | C109: Call | D109: +1 555 0531 | E109: +1 555 2409 | F109: Completed | G109: 32 | H109: Casey Patel
A110: 46110.777 | B110: Win-back Campaign | C110: Email | D110: +1 555 0531 | E110: +1 555 5630 | F110: Completed | G110: 8 | H110: Jordan Lee
A111: 46287.371 | B111: Product Launch | C111: SMS | D111: +1 555 1359 | E111: +1 555 3492 | F111: Pending | G111: 119 | H111: Taylor Morgan
A112: 46051.517 | B112: Welcome Series | C112: Email | D112: client@example.com | E112: +1 555 3492 | F112: Failed | H112: Riley Chen
A113: 46275.524 | B113: Renewal Reminder | C113: Call | D113: +1 555 0531 | E113: +1 555 2409 | F113: Completed | G113: 16 | H113: Riley Chen
A114: 46289.539 | B114: Customer Survey | C114: Email | D114: +1 555 7642 | E114: +1 555 5630 | F114: Completed | G114: 32 | H114: Alexandra Rose
A115: 46148.663 | B115: Welcome Series | C115: Email | D115: +1 555 2310 | E115: team@example.com | F115: Completed | G115: 4 | H115: Riley Chen
A116: 46215.456 | B116: Customer Survey | C116: Email | D116: +1 555 1359 | E116: +1 555 2409 | F116: Completed | G116: 35 | H116: Riley Chen
A117: 46291.624 | B117: Customer Survey | C117: Call | D117: client@example.com | E117: team@example.com | F117: Completed | G117: 23 | H117: Alexandra Rose
A118: 46180.6 | B118: Newsletter | C118: SMS | D118: client@example.com | E118: team@example.com | F118: Completed | G118: 11 | H118: Jordan Lee
A119: 46139.606 | B119: Welcome Series | C119: SMS | D119: +1 555 2310 | E119: +1 555 5630 | F119: Completed | G119: 6 | H119: Jordan Lee
A120: 46197.679 | B120: Win-back Campaign | C120: SMS | D120: +1 555 1359 | E120: client@example.com | F120: Completed | G120: 13 | H120: Riley Chen
A121: 46073.583 | B121: Newsletter | C121: Email | D121: client@example.com | E121: client@example.com | F121: Completed | G121: 36 | H121: Casey Patel
A122: 46097.597 | B122: Newsletter | C122: SMS | D122: +1 555 1359 | E122: +1 555 5630 | F122: Failed | H122: Riley Chen
A123: 46050.393 | B123: Product Launch | C123: SMS | D123: +1 555 2310 | E123: client@example.com | F123: Completed | G123: 35 | H123: Jordan Lee
A124: 46244.482 | B124: Customer Survey | C124: Email | D124: +1 555 1359 | E124: +1 555 3492 | F124: Completed | G124: 37 | H124: Jordan Lee
A125: 46105.77 | B125: Newsletter | C125: Email | D125: client@example.com | E125: +1 555 5630 | F125: Completed | G125: 44 | H125: Taylor Morgan
...

Sheet Analysis
A1: Month | B1: Calls | C1: SMS | D1: Emails | E1: Completed | F1: Pending | G1: Failed | I1: Channel | J1: Interactions
A2: 46023 | B2: =COUNTIFS('Raw Data'!$A$2:$A$251,">="&A2,'Raw Data'!$A$2:$A$251,"<"&EDATE(A2,1),'Raw Data'!$C$2:$C$251,B$14) | C2: =COUNTIFS('Raw Data'!$A$2:$A$251,">="&A2,'Raw Data'!$A$2:$A$251,"<"&EDATE(A2,1),'Raw Data'!$C$2:$C$251,C$14) | D2: =COUNTIFS('Raw Data'!$A$2:$A$251,">="&A2,'Raw Data'!$A$2:$A$251,"<"&EDATE(A2,1),'Raw Data'!$C$2:$C$251,D$14) | E2: =COUNTIFS('Raw Data'!$A$2:$A$251,">="&A2,'Raw Data'!$A$2:$A$251,"<"&EDATE(A2,1),'Raw Data'!$F$2:$F$251,"Completed") | F2: =COUNTIFS('Raw Data'!$A$2:$A$251,">="&A2,'Raw Data'!$A$2:$A$251,"<"&EDATE(A2,1),'Raw Data'!$F$2:$F$251,"Pending") | G2: =COUNTIFS('Raw Data'!$A$2:$A$251,">="&A2,'Raw Data'!$A$2:$A$251,"<"&EDATE(A2,1),'Raw Data'!$F$2:$F$251,"Failed") | I2: Call | J2: =COUNTIF('Raw Data'!$C$2:$C$251,I2)
A3: 46054 | B3: =COUNTIFS('Raw Data'!$A$2:$A$251,">="&A3,'Raw Data'!$A$2:$A$251,"<"&EDATE(A3,1),'Raw Data'!$C$2:$C$251,B$14) | C3: =COUNTIFS('Raw Data'!$A$2:$A$251,">="&A3,'Raw Data'!$A$2:$A$251,"<"&EDATE(A3,1),'Raw Data'!$C$2:$C$251,C$14) | D3: =COUNTIFS('Raw Data'!$A$2:$A$251,">="&A3,'Raw Data'!$A$2:$A$251,"<"&EDATE(A3,1),'Raw Data'!$C$2:$C$251,D$14) | E3: =COUNTIFS('Raw Data'!$A$2:$A$251,">="&A3,'Raw Data'!$A$2:$A$251,"<"&EDATE(A3,1),'Raw Data'!$F$2:$F$251,"Completed") | F3: =COUNTIFS('Raw Data'!$A$2:$A$251,">="&A3,'Raw Data'!$A$2:$A$251,"<"&EDATE(A3,1),'Raw Data'!$F$2:$F$251,"Pending") | G3: =COUNTIFS('Raw Data'!$A$2:$A$251,">="&A3,'Raw Data'!$A$2:$A$251,"<"&EDATE(A3,1),'Raw Data'!$F$2:$F$251,"Failed") | I3: SMS | J3: =COUNTIF('Raw Data'!$C$2:$C$251,I3)
A4: 46082 | B4: =COUNTIFS('Raw Data'!$A$2:$A$251,">="&A4,'Raw Data'!$A$2:$A$251,"<"&EDATE(A4,1),'Raw Data'!$C$2:$C$251,B$14) | C4: =COUNTIFS('Raw Data'!$A$2:$A$251,">="&A4,'Raw Data'!$A$2:$A$251,"<"&EDATE(A4,1),'Raw Data'!$C$2:$C$251,C$14) | D4: =COUNTIFS('Raw Data'!$A$2:$A$251,">="&A4,'Raw Data'!$A$2:$A$251,"<"&EDATE(A4,1),'Raw Data'!$C$2:$C$251,D$14) | E4: =COUNTIFS('Raw Data'!$A$2:$A$251,">="&A4,'Raw Data'!$A$2:$A$251,"<"&EDATE(A4,1),'Raw Data'!$F$2:$F$251,"Completed") | F4: =COUNTIFS('Raw Data'!$A$2:$A$251,">="&A4,'Raw Data'!$A$2:$A$251,"<"&EDATE(A4,1),'Raw Data'!$F$2:$F$251,"Pending") | G4: =COUNTIFS('Raw Data'!$A$2:$A$251,">="&A4,'Raw Data'!$A$2:$A$251,"<"&EDATE(A4,1),'Raw Data'!$F$2:$F$251,"Failed") | I4: Email | J4: =COUNTIF('Raw Data'!$C$2:$C$251,I4)
A5: 46113 | B5: =COUNTIFS('Raw Data'!$A$2:$A$251,">="&A5,'Raw Data'!$A$2:$A$251,"<"&EDATE(A5,1),'Raw Data'!$C$2:$C$251,B$14) | C5: =COUNTIFS('Raw Data'!$A$2:$A$251,">="&A5,'Raw Data'!$A$2:$A$251,"<"&EDATE(A5,1),'Raw Data'!$C$2:$C$251,C$14) | D5: =COUNTIFS('Raw Data'!$A$2:$A$251,">="&A5,'Raw Data'!$A$2:$A$251,"<"&EDATE(A5,1),'Raw Data'!$C$2:$C$251,D$14) | E5: =COUNTIFS('Raw Data'!$A$2:$A$251,">="&A5,'Raw Data'!$A$2:$A$251,"<"&EDATE(A5,1),'Raw Data'!$F$2:$F$251,"Completed") | F5: =COUNTIFS('Raw Data'!$A$2:$A$251,">="&A5,'Raw Data'!$A$2:$A$251,"<"&EDATE(A5,1),'Raw Data'!$F$2:$F$251,"Pending") | G5: =COUNTIFS('Raw Data'!$A$2:$A$251,">="&A5,'Raw Data'!$A$2:$A$251,"<"&EDATE(A5,1),'Raw Data'!$F$2:$F$251,"Failed")
A6: 46143 | B6: =COUNTIFS('Raw Data'!$A$2:$A$251,">="&A6,'Raw Data'!$A$2:$A$251,"<"&EDATE(A6,1),'Raw Data'!$C$2:$C$251,B$14) | C6: =COUNTIFS('Raw Data'!$A$2:$A$251,">="&A6,'Raw Data'!$A$2:$A$251,"<"&EDATE(A6,1),'Raw Data'!$C$2:$C$251,C$14) | D6: =COUNTIFS('Raw Data'!$A$2:$A$251,">="&A6,'Raw Data'!$A$2:$A$251,"<"&EDATE(A6,1),'Raw Data'!$C$2:$C$251,D$14) | E6: =COUNTIFS('Raw Data'!$A$2:$A$251,">="&A6,'Raw Data'!$A$2:$A$251,"<"&EDATE(A6,1),'Raw Data'!$F$2:$F$251,"Completed") | F6: =COUNTIFS('Raw Data'!$A$2:$A$251,">="&A6,'Raw Data'!$A$2:$A$251,"<"&EDATE(A6,1),'Raw Data'!$F$2:$F$251,"Pending") | G6: =COUNTIFS('Raw Data'!$A$2:$A$251,">="&A6,'Raw Data'!$A$2:$A$251,"<"&EDATE(A6,1),'Raw Data'!$F$2:$F$251,"Failed")
A7: 46174 | B7: =COUNTIFS('Raw Data'!$A$2:$A$251,">="&A7,'Raw Data'!$A$2:$A$251,"<"&EDATE(A7,1),'Raw Data'!$C$2:$C$251,B$14) | C7: =COUNTIFS('Raw Data'!$A$2:$A$251,">="&A7,'Raw Data'!$A$2:$A$251,"<"&EDATE(A7,1),'Raw Data'!$C$2:$C$251,C$14) | D7: =COUNTIFS('Raw Data'!$A$2:$A$251,">="&A7,'Raw Data'!$A$2:$A$251,"<"&EDATE(A7,1),'Raw Data'!$C$2:$C$251,D$14) | E7: =COUNTIFS('Raw Data'!$A$2:$A$251,">="&A7,'Raw Data'!$A$2:$A$251,"<"&EDATE(A7,1),'Raw Data'!$F$2:$F$251,"Completed") | F7: =COUNTIFS('Raw Data'!$A$2:$A$251,">="&A7,'Raw Data'!$A$2:$A$251,"<"&EDATE(A7,1),'Raw Data'!$F$2:$F$251,"Pending") | G7: =COUNTIFS('Raw Data'!$A$2:$A$251,">="&A7,'Raw Data'!$A$2:$A$251,"<"&EDATE(A7,1),'Raw Data'!$F$2:$F$251,"Failed")
A8: 46204 | B8: =COUNTIFS('Raw Data'!$A$2:$A$251,">="&A8,'Raw Data'!$A$2:$A$251,"<"&EDATE(A8,1),'Raw Data'!$C$2:$C$251,B$14) | C8: =COUNTIFS('Raw Data'!$A$2:$A$251,">="&A8,'Raw Data'!$A$2:$A$251,"<"&EDATE(A8,1),'Raw Data'!$C$2:$C$251,C$14) | D8: =COUNTIFS('Raw Data'!$A$2:$A$251,">="&A8,'Raw Data'!$A$2:$A$251,"<"&EDATE(A8,1),'Raw Data'!$C$2:$C$251,D$14) | E8: =COUNTIFS('Raw Data'!$A$2:$A$251,">="&A8,'Raw Data'!$A$2:$A$251,"<"&EDATE(A8,1),'Raw Data'!$F$2:$F$251,"Completed") | F8: =COUNTIFS('Raw Data'!$A$2:$A$251,">="&A8,'Raw Data'!$A$2:$A$251,"<"&EDATE(A8,1),'Raw Data'!$F$2:$F$251,"Pending") | G8: =COUNTIFS('Raw Data'!$A$2:$A$251,">="&A8,'Raw Data'!$A$2:$A$251,"<"&EDATE(A8,1),'Raw Data'!$F$2:$F$251,"Failed")
A9: 46235 | B9: =COUNTIFS('Raw Data'!$A$2:$A$251,">="&A9,'Raw Data'!$A$2:$A$251,"<"&EDATE(A9,1),'Raw Data'!$C$2:$C$251,B$14) | C9: =COUNTIFS('Raw Data'!$A$2:$A$251,">="&A9,'Raw Data'!$A$2:$A$251,"<"&EDATE(A9,1),'Raw Data'!$C$2:$C$251,C$14) | D9: =COUNTIFS('Raw Data'!$A$2:$A$251,">="&A9,'Raw Data'!$A$2:$A$251,"<"&EDATE(A9,1),'Raw Data'!$C$2:$C$251,D$14) | E9: =COUNTIFS('Raw Data'!$A$2:$A$251,">="&A9,'Raw Data'!$A$2:$A$251,"<"&EDATE(A9,1),'Raw Data'!$F$2:$F$251,"Completed") | F9: =COUNTIFS('Raw Data'!$A$2:$A$251,">="&A9,'Raw Data'!$A$2:$A$251,"<"&EDATE(A9,1),'Raw Data'!$F$2:$F$251,"Pending") | G9: =COUNTIFS('Raw Data'!$A$2:$A$251,">="&A9,'Raw Data'!$A$2:$A$251,"<"&EDATE(A9,1),'Raw Data'!$F$2:$F$251,"Failed")
A10: 46266 | B10: =COUNTIFS('Raw Data'!$A$2:$A$251,">="&A10,'Raw Data'!$A$2:$A$251,"<"&EDATE(A10,1),'Raw Data'!$C$2:$C$251,B$14) | C10: =COUNTIFS('Raw Data'!$A$2:$A$251,">="&A10,'Raw Data'!$A$2:$A$251,"<"&EDATE(A10,1),'Raw Data'!$C$2:$C$251,C$14) | D10: =COUNTIFS('Raw Data'!$A$2:$A$251,">="&A10,'Raw Data'!$A$2:$A$251,"<"&EDATE(A10,1),'Raw Data'!$C$2:$C$251,D$14) | E10: =COUNTIFS('Raw Data'!$A$2:$A$251,">="&A10,'Raw Data'!$A$2:$A$251,"<"&EDATE(A10,1),'Raw Data'!$F$2:$F$251,"Completed") | F10: =COUNTIFS('Raw Data'!$A$2:$A$251,">="&A10,'Raw Data'!$A$2:$A$251,"<"&EDATE(A10,1),'Raw Data'!$F$2:$F$251,"Pending") | G10: =COUNTIFS('Raw Data'!$A$2:$A$251,">="&A10,'Raw Data'!$A$2:$A$251,"<"&EDATE(A10,1),'Raw Data'!$F$2:$F$251,"Failed")
A11: 46296 | B11: =COUNTIFS('Raw Data'!$A$2:$A$251,">="&A11,'Raw Data'!$A$2:$A$251,"<"&EDATE(A11,1),'Raw Data'!$C$2:$C$251,B$14) | C11: =COUNTIFS('Raw Data'!$A$2:$A$251,">="&A11,'Raw Data'!$A$2:$A$251,"<"&EDATE(A11,1),'Raw Data'!$C$2:$C$251,C$14) | D11: =COUNTIFS('Raw Data'!$A$2:$A$251,">="&A11,'Raw Data'!$A$2:$A$251,"<"&EDATE(A11,1),'Raw Data'!$C$2:$C$251,D$14) | E11: =COUNTIFS('Raw Data'!$A$2:$A$251,">="&A11,'Raw Data'!$A$2:$A$251,"<"&EDATE(A11,1),'Raw Data'!$F$2:$F$251,"Completed") | F11: =COUNTIFS('Raw Data'!$A$2:$A$251,">="&A11,'Raw Data'!$A$2:$A$251,"<"&EDATE(A11,1),'Raw Data'!$F$2:$F$251,"Pending") | G11: =COUNTIFS('Raw Data'!$A$2:$A$251,">="&A11,'Raw Data'!$A$2:$A$251,"<"&EDATE(A11,1),'Raw Data'!$F$2:$F$251,"Failed")
A14: Channel | B14: Call | C14: SMS | D14: Email

Sheet Read Me
A1: CRM Dashboard — Quick Start
A3: 1. Explore | B3: Use the Period and Channel dropdowns on the Dashboard. KPI cards and the monthly chart are linked to the workbook data.
A4: 2. Sample data | B4: The Raw Data sheet contains 250 fictional CRM interactions for demonstration.
A5: 3. Replace data | B5: Keep the same column headings and replace the sample rows with your CRM records. Update formulas if you add more than 250 rows.
A6: 4. Excel compatibility | B6: Open in desktop Microsoft Excel for best chart and formula support. Some formula results may appear after Excel recalculates the workbook.
A7: 5. Extend | B7: You can add PivotTables and native slicers in Excel if you want pivot-driven filtering beyond the dropdowns included here.
